598fe47e-1dd5-4aea-a052-76db34032152	28
532b3ea3-480f-4751-8ca7-b46475192861	8
b1c39618-17cb-41c1-8032-2be47f5c4885	81
bc35f24d-855e-4e86-aaa9-cfa1ca4c5f15	66
51bb27c8-9be4-44fe-b416-469dbc2e63e5	76
41729636-3e0f-4452-9df7-4b8ab3b08760	29
252ba473-78fe-4599-8def-0f9b76fd6f02	29
f1c47deb-9d8e-4c42-b143-083ec6f7d25e	20
82beae20-1aef-46b6-9327-2ca86ddca39d	5
d34d32a5-3df6-42f5-919c-8c4071f5be1b	4
a97598e3-49c0-478c-9497-ff6d509b9bf8	82
634908bb-96ac-4115-9491-62f5221d163e	2
f24bda92-cc37-405c-b83b-8e5a5a34c586	1
b2eacdbd-ac60-4b5f-9178-7efa1a702bcc	80
9833355f-3ea5-4c7f-be8a-2f39973d032b	14
217134ac-7ffc-4cad-945e-9e1d70534f26	6
43a41c41-1673-4510-9230-2b9dde40cafc	58832
ea702249-f096-43d8-91b9-932479a6bf0e	5
960f1420-6687-4f43-a9eb-015439fa8c11	50
22e611f8-9aba-437a-95e2-2a8f5d4ccfef	11
669802a1-dccb-424e-9193-2ef07456cdb0	85
5ae38e1f-0994-4961-b3c4-54fc36b6d196	48
a09e58f4-b9db-4efa-bb92-54c3cf8d4a15	39697
105bc259-8a38-4b60-b79d-91b07db68f44	79
c111d3a6-5e96-49eb-91d1-55f9a52d6022	27
0242acf8-d9bc-4cf3-ac6d-019882e7bc79	11
345b2da8-3342-4999-bf23-cc0d98885d03	59991
6e964010-91e4-42c7-a146-0422f3aaf235	27
0c9f9b1e-44ca-49e9-9b96-9aee00492dae	74
3e4eafe6-4f92-4cce-9ba1-0692d7de067e	26051
5d1861dd-1384-4c96-8b3a-6c34a677ad60	77
7c9cfcf6-13d4-4378-af11-ec09a67daba5	46
6c3be1c4-16df-4d9d-ae86-4bb1e2c614f5	89
65b6dc65-45a5-468b-9010-b26efcdd67e5	81
feaa23bc-1ccf-4689-9085-2f661187b0e7	80
bf15bec8-f627-4a50-9990-75d057c3fe1c	91
77764093-20c3-4852-bd5a-954f1370d1cf	57
22003424-d37c-404c-9bb5-f92ad455e3cb	74
94d8301e-832f-4c8a-bb2a-23b75f555765	46806
58302a2a-0231-45c5-95db-28ba4d33602e	98914
8b81449e-b11e-4672-80ae-3692ad23a7e6	42
8c377d84-5535-4e9f-9ed5-b347915d0927	40
099f283c-da8d-4a8d-b5e9-296f2b3fab12	56
93e71970-ee16-46fc-b0c1-558a9e237623	5
04d9e1a7-f633-47ce-bf31-190207205a68	72163
09fc865f-860b-4298-a395-ad4a7c63f8ce	33
87624e53-282a-422d-ba33-a7ef412ef6b4	16
2421c881-596c-42ee-b6c5-1396d6f5c3b1	5
122cce10-0b88-4a91-af19-b08751778feb	0
dc44e283-415d-4872-894f-59d1b61dc500	9
78578743-aa6b-42ef-bd49-c43b62d5afc8	22
80ee83fa-b4c9-48fd-85e6-60972a5c528d	47
70f10f80-61d7-4b40-b86c-ebac4bcbbf50	43
a4500796-e924-4ed6-9c65-cca2ad14cec9	71
aa371ba7-d49a-475d-b718-4d20dcbb6afe	30
98dacf24-d443-4b8c-b951-00f284b238cc	2
f6e62fe9-f62c-4761-a2dd-aea7a1aa41da	21
a8da5e91-8f75-4152-80b0-5acdeb4b2269	54
1d9214f0-b492-408c-b983-9e8321be608b	86
4a73811b-da0f-4ae1-9d6b-3e2012f74afc	30
142b8fd3-e90c-411d-9b53-505d20346061	6
921065f0-ee3e-4fc1-bcbc-1729a4af5631	72
b6f346df-59d4-486f-95c8-77678eb7b120	83
86beca4b-083d-4c85-9220-16ef3ddbeea0	53
f1372d0b-14c4-4b6f-ac8e-559edc94b471	64
d211d9a8-b11b-4745-934b-b618a7e6744a	95
240f1a33-05fa-4bac-aa2f-d7fdcb14c757	37
8e26cd8d-c7ea-4589-b3dd-e87f6357bd5c	66
263b69c8-ed2e-4eed-b0a1-6bbcaf51ba1d	75
7dc357fa-8d83-425e-a91f-443a5fe76419	48
acf2cf60-cde1-4c71-9a16-47a392cd7355	7
b7e7536e-fbd2-4061-90ae-82c0271cdf73	93
e089a0ac-ba4b-4709-9c74-c44448301e82	68
accb4f7e-e0be-4154-a08e-a6b382d8c66f	20
e0115bf7-477d-4a8b-896b-06602f490996	93458
4d3dd136-4449-491d-83e5-535c4744032c	20
e5524160-0023-405c-a76f-00d7c1967d32	56
99236925-e1f2-4ff9-bb78-ce1aab093b41	63
de132a6a-df90-4ee6-8ec6-a44e6dc69034	60
3c91e883-ccfd-4947-a8ea-c0cdf7195598	15
d02be23d-5931-4573-a349-d3cf0b80b717	19
b7e17529-d7c2-4761-ab42-92574f512127	97892
73b7e724-43d0-46b7-acee-cfe109bb5f32	63
80af1cfa-a1bd-4931-83ea-39447ee63480	89
24d7c68c-ca12-4df2-91e3-1fb1be9d1a0a	66
3246409c-57a2-4eac-b3c7-5f1efb7b8dad	39
6828167d-4082-480b-915b-88db786320d2	76112
7e5db87f-71c8-4717-a877-066067c5e6cc	40
9a7ed98b-6591-4d14-9291-de8c21e0b2d8	45
34afe342-76f0-447d-96b6-1deb8caa7397	85
6ec470fa-40fb-458c-82fd-5d42af8f150a	71
563e0283-88bf-40c6-8fab-0a05ab0c60a8	39
06e83806-3f15-4355-9818-107663b3e392	2
b134c426-e723-443d-883d-cfeb4caed50a	77
dc01e9c0-293a-49a7-809d-b422f0c22e96	97
4a370d02-b2db-4ebe-842f-3ff2d6f7a97a	31
cd08346c-2a40-4432-aa9d-b612a3d5f283	74
6b7e16b0-3cab-4acd-8fbc-28c5f7e494dd	23
1fdba3be-a483-4f6b-bbbe-2072b1dc3786	20
97b97280-c7b3-4aa7-8c6b-13acb4115b4e	14
ec238d18-f7a0-4c64-8094-82f59312563c	37
a7c656ca-a683-4c8a-a999-54c46ea93b01	34
ebadb1a9-ba35-4a1c-ad92-f9d964e11a40	73
90250d91-aa22-49c5-b346-9de18ac85eef	57
e0aade53-146a-45bf-bad8-350fc6d56f3f	82
dada4ee2-9886-4202-b7f1-f49398caa90e	82
8238222d-ae00-405a-91b0-a8eb9631402c	50
ddc63576-d102-4d45-97f8-aaf159446be1	88
d8d07334-cd6d-4ff7-bd50-d205e6f8851d	37
e0ea165f-393e-4c01-aab6-d7de1d45486c	25
6ebde96f-9577-416a-9150-2253dc03928e	84
3f0f45af-3dc8-48f5-a1d1-33496cbb2050	93
272cee67-c2e6-4e71-ae36-2fbbd32b705d	40
e62d1cd3-9d02-41fd-a7b2-5bb7c435b9eb	11
a5897981-f6cb-4011-88e4-6012c89099f7	97
5e8fb308-06a1-4312-bd51-c4e02f346f36	69
f5652e1b-ce4a-4755-bece-570fc5278e02	87
b2850da6-dc65-45a2-8599-c5f7eff86eb4	12
c05bf9ef-9e8c-4d15-a770-3e2c412147df	59
e8068485-9fcb-436a-8077-5ef1c9361ab7	60
df244720-0782-42c2-8834-337ae83c9ae1	73
e36950b7-c0f6-476a-b094-29ee09a6f4a2	89
2be80cd5-8bb3-4b35-8d9d-1c9b2d875a27	26
b85a980b-41b1-4601-bf3c-a61cf6ef4684	64
d9325ea0-8611-43d9-aaa2-5dbab5f347f6	4
d5ec02cf-faad-40f3-b006-b7d739d406e5	79
800fcd26-7219-4849-a20f-40902921c80d	7
c7d74837-3488-4c3f-a999-a7d72f381cc6	22655
6d24cf1f-2b01-4e8f-aab2-f0984f200726	20
c2d874fa-2a9c-4d94-a992-fc143a6a5bbb	12
fc59dad5-9bed-4052-9111-261c5393150d	52
d4b3fc7b-740d-4591-97c2-bbc438ce32c0	20
3b61a2de-d977-40d3-8f69-6226f4f72b11	60
50bea89b-e44c-46a5-b579-d4ec1db7b746	1
2f4eac0c-ac36-4f86-b9a6-47c22b267384	10
8e590f8c-716e-42e6-8c9a-31b93b639330	91
274df5f3-bfe0-495e-b7c2-d43f659398ed	97
3ae646d1-f297-4298-aeba-e8058ae11240	25
8db8eedf-5d22-4d99-b783-e12236616c5b	81
813aa906-cabf-4108-bf6e-3e534e579080	6
31ffd794-cc79-446b-9017-9339354b6ba2	31
47556e12-c58e-4058-8f69-6445a310a9f3	9
aeccb60e-21e9-4fe5-8dfe-603e7e1146c6	3
145ca9e5-87f0-4444-8dc3-bada81f8b141	98137
89159dac-731f-43ad-bf7c-a3069871fab4	39
2fd244a0-cf15-4694-9600-0964051a815a	13
8f8e302c-3913-4aff-bb59-f4378b1f0180	56
8889a337-11b8-4781-a042-652be1b9f9a1	58
0b517b3a-beb1-4e4b-a358-b8839a31d94d	65
bd318431-bafc-4ad8-887f-9317d10c9d1b	91
6621bd62-7201-4c82-b897-0318f7d4ba2f	29
eaf4284d-fa10-44af-99de-f2761cf8cab8	15
0245d401-970f-4f88-b544-520f0ec3f034	76
68c76a47-15db-40e7-9862-f90c4ea95ac1	83
ced4b616-3f31-48cb-9a1c-f5cf32f27525	57
59916b86-7054-4a72-9997-d6de1717e98e	97
d13017c4-d448-4d58-b581-cdf22f8462bb	9
c25c514a-68d5-4cf1-a00d-c275416d799f	19
bffacbdf-04d5-4338-8e34-83939aa1ba12	65
61d5652c-9ab0-40d9-8f42-9d937abb67bf	5
78344420-56b7-47c0-b959-51e636bda52e	24
eca6fc5f-4911-4639-9531-861250720784	57
c698fdec-e5dd-4e6a-971e-bb5f5eb6686d	48
7b87e48e-0e0b-408f-8eb5-be51fce120b1	87
9cb3d9cc-710d-4aea-99ad-4948a947d62a	59
5eef9783-48d2-4fa2-a413-8862089ddc87	12
4a2741f4-aa84-4392-8680-9e8eeae3b64e	30691
36179dfc-bb24-4ac9-8923-8787fae28a35	19
e1321739-7008-4e09-9bb1-c1b6e73550bd	43
bac36d3e-85f3-4c29-b323-a58b89ddfde5	58
8c5faa23-6fc4-4ff5-8961-8422ca2490d3	85
31464f3f-7e1f-4794-99aa-a4be72b3eda5	70
632d608a-b24b-4fec-8f58-c345f4c8183d	64
7b1b47cc-a42b-4cc2-9d8a-0462b43146da	37
8ab8c7f6-6031-41b1-8094-390ce873a817	48
43455711-5792-421f-9881-fec9ff0bfa7a	24
219969a4-f9a4-4df7-aee3-a547a2236e96	67
5d57047f-96d2-4a5f-b335-5323b2e04b2b	25
4712e75d-2e28-4745-a561-0766cd8c8b71	2
e05eed2c-ebbc-46b9-8ec2-0ff8633f0487	63
5c06378b-c09e-4c7a-b295-f24e8c6251d0	76
1ecf4b89-1b03-4c5c-be48-a7a64db89e5a	9
d7bc3537-88f7-4e98-926d-96d2a77426e8	20
b1d76307-8c0c-440d-8bbf-b08198cded3b	27
5d6de73a-b23c-4d1a-a862-544e249e43d2	44
5d1674df-7d8e-4bd3-b15f-1b8101a4169d	1
4745e668-be3e-4c5c-a67f-ecae7659201a	2
2e27eed7-0134-41be-89dc-e7d8dafa5844	48
9776a10b-5850-45c4-8c5b-cf7b023a84a5	88
530d4d61-cc2e-4de0-8365-d449628cc7b3	75
674521d3-6052-4a6f-b83f-e8f330c593ed	7
1bf95cea-4d5c-4d22-8d1c-6f6c5ea69636	46
68e4719f-b65a-47bf-98d2-4dab2860cbda	20
950ed096-4837-4518-bd51-2be126d47a40	99
0645cbd3-b13a-48fc-9995-acca8a79d698	68588
9943d90b-3211-4747-bb4c-f49b73509f08	46
71d0bd12-ae04-4003-beb9-8575e0bcdf54	38341
da92f56b-e3b7-4f96-96b5-284d254b1135	22
8d5814dc-3e05-4df9-b5bf-dbde1d94ba16	62
bfbff84e-7984-4316-8ec1-e0c833c231b2	57
8b205ad1-33e1-40c6-abaf-d48c4d774253	73
b0c30ab2-66b3-4447-8f0f-a50af0191ff1	86
795e1fe2-3376-4be2-93b2-0e744a9c370b	51
a661477a-4ad1-4ff9-acbc-c016708a1135	3
4c955645-3267-46be-9edb-e820cc31a0d6	93
ca547a57-d50d-4723-83cf-327dad9c18d0	75
cb87ffb6-98b0-4862-a490-229c220460e7	44
ad4ac3e9-0eb9-4f6e-828a-9b4da4636ee6	52
18966c78-8af7-4c2d-8f9a-8ecfd853cd4a	11
f9d8401a-f80e-4df1-bf79-518b3298b53a	9
7d477645-b54d-48b7-9915-b3f78e4d3372	37
68d15e11-9935-4ccf-9a6c-16e60a9af782	75
f8f5377e-76a3-42fe-902b-3bd7989be84d	31
813aeeb7-6391-4ccb-aa31-ad88c29ff20b	29
1e160dba-be83-4a29-810a-a5be82ccbda6	37
00b72a93-eedc-47eb-a1a8-fcb6f7acb52f	74
35e9fe84-35b0-431e-bfb6-94bd00c76dcb	44
2cff4fe2-a1bd-4948-88f4-0a6359d26032	91
2a2e42d7-4522-4143-89b1-7b3f2a72c806	77
796fbc41-2d7b-43d1-ac53-e52fca0ddc87	2
fac50578-d5f6-4692-b81d-1ea6830f9200	94
f10c24f6-7539-453b-99af-bf64fba73277	0
5f1a4e40-b409-460e-85be-1898c46e5230	40
7bf66d66-37db-4005-a1b0-b25b05df6aa1	50
f61f71fd-9ff6-4545-934d-545ffa86d850	34
6d351fdc-eb08-4053-bb3c-6c52dbded78f	29
13dbb684-efa0-466f-8446-d58c8143d75f	20
5fa57f38-b10f-4e3a-a0ed-acb051911783	5
c330494e-6ae6-437b-9629-59f1a798beff	62
054fadb7-6ef6-4275-8cbf-0e050f6cfb0e	30
85549bfa-8e2b-4ffb-934e-036337314934	59
b8559a16-b4f7-44c6-a45e-b0401f8c311e	94
4cd8458e-807e-48ad-976a-f97d49c178e6	49
96ae7745-08c3-472f-8751-d12b69162537	56
2d4ed462-4a69-4c04-b11d-86ba7840e4c5	25
d28c1522-5692-488d-959f-5d1e38f8f0a2	81
5e90d8d1-b9b4-4c04-820b-0e148f637c84	85
0196c6df-9be3-4c0d-b343-986aa2d7c243	61
9be2f7d3-3dc1-4a9d-b0c4-6d057ef66999	24
eec51cd6-05d4-40f5-bbdd-2e5bf2694721	73
d387612b-fd5b-4e3e-9418-c5b604241d8b	3
a96eb951-2864-4f9f-8ca3-3079f59fa5d5	76
e6c56730-366d-401d-9513-a072f3f89bf8	75
5c225975-59b5-4c24-8c54-95398273961d	58
54574256-4cc8-4d33-a253-c26989512ab2	75
18443683-ccfe-46db-95b5-7e5b3ccce678	6042
62d8e687-685d-4a6e-bcb7-15e9b8cadf97	68156
5030c18c-a88c-471c-9668-43c079e711bd	88
2f77eb6f-227d-4d4e-8881-d290bbb9bb6e	49
53fd0b49-f79d-4472-bd82-26a8d749cea4	97
78bfc122-7c03-475c-8fa9-72803768bc50	99
baf5899e-d0f3-4457-aca1-09d915031138	97
58eddfee-7cdc-45f0-9c27-edb6d54e3af4	8
82d8ef02-261a-4260-b586-4ca11ef54889	40
2de3209a-26bf-4576-ad6d-c12978a506c0	72
29ebc945-9f82-4484-8931-e462e986a881	42
ec3d3227-4b9b-4adf-ae8e-db7181996e96	35
65e84772-1678-4259-a66a-0cf18883c4e6	13
4e293e4a-5f37-4cfa-b159-a11a04d0f681	47
18b39d2e-499e-49a3-95e2-21ac71cae5cd	12
950a691b-b637-4f82-9547-fefd6f920a00	40
2d6b7ac3-d369-42f0-bf85-842af81a5483	73
98970447-950f-4811-8330-53c7977339ec	2
05dfaaf5-417e-48d0-bf6d-5f1648f6295e	4
c0d0bcbd-e57f-4299-b184-7f090c9dc63a	53
c174b5eb-3552-44e2-8353-ae819ac0e780	93
4b4f6144-bf5e-4f94-95c7-43a8e79869d9	11
1f74a1fe-9579-4d95-b64f-fffaf08edae6	47
42a0647e-32ee-40ec-85ec-b1c8c52cb781	49
e0ab6505-2d5a-4f87-a802-8c94dee6d217	1562
b4f16e9e-2ba3-4ac5-be1d-b87a02661450	9788
ef84d3b0-3818-44a9-9bc0-bf44f055de50	80
58c7e378-9a90-41d7-a564-dcd75a7fdc9b	14
74cf73f1-484d-4ec0-9ea5-fa3eaa3df6c9	66
7fae875a-0a07-41bb-ba15-671bee5b1ebf	44
e8be4d9f-e5c7-4e1b-8ea2-a93c6da70df0	29
edc6a9a6-68c8-406e-b788-652a3f15fcd8	75
672ee18e-3148-436c-bb25-d78db6c75d7c	36
a7902963-c8d3-48ba-9e3b-7e0ffbf07876	48
38b53159-2e55-4af5-b55a-17f04acfd866	27
6cb00a86-ff12-431a-9315-780ee5dbf4f7	3
2dab69a0-72d3-4e53-8e5d-7414e788fcf0	97
520b1aae-1067-4636-a08a-39fa78bd8857	28
4ba7cd90-3570-4ac4-b829-658176ac3528	20
1172c483-9831-4011-8818-0545c13b5fe0	86
15305067-7808-4a5c-93b6-a4b7b488b883	13
3a54935c-0e8c-4bbf-982a-de4d101da1c2	95
98d253ff-61f0-4fae-ac30-6c667b3c8d04	73677
50cfa212-d9e9-4e2a-964e-5b1ad39214c4	60
b12d2d78-e00c-43af-9927-a19cd897aec8	24
8b54595f-80c4-45b6-99d4-a07ae5acf134	24
b3c4607b-86fa-439a-8c3f-807ec30ea6a3	2011
1df9f52b-6754-43eb-9104-a010c544ca9e	13
b2f2be9f-9f2b-4f4b-8cc6-9401ed369446	89
d271c514-407b-4db7-b951-47a4b2034cb1	61
a694b301-df64-48fd-8154-893f0ad356c6	62
d1c5fd00-08b4-4be0-b43d-af7fdb728d4f	92
807e709d-fa3a-4bb8-9de4-944943f6f9de	99
cb9b6f02-4148-4719-869a-b654673759ee	41
2d391d7d-6b77-4308-a75c-4d83c816003e	27
d3703f06-9930-4f94-a9c8-ff911418006e	67
5cfa9531-f27a-4c2d-832b-195b622ef1b9	44
8f26f99d-f034-4032-aa07-01461f9a4a2a	65
c3a83c33-74f5-446d-9ff2-9388cc840b4d	86
3a18cb2d-e845-4fa4-946e-59cb82c2f33b	95
06179a32-f7ac-4ebc-8aa3-c7d8dcee35e6	6
4e89add4-2a2e-446d-9699-910c2df56de0	80
bf8147b2-9819-4daf-997f-218cbb3d0c49	72
36ded9a2-bce3-44c7-bfe5-e805fe4c20a9	79
7e94170b-e9b5-44fb-ab60-1be94d83f936	60
a42f62c7-d3aa-4443-89ed-d401f1b83285	33
dd5a1a17-7932-48a5-9123-f15800cccf43	95
cd3cce15-7701-4f46-8e24-6d35ec554ba9	57
5be8f9be-aac6-4361-93ed-4dd9beb040f4	8
1521c13a-c2d5-479b-8381-6015e66f2f13	4
e1caa6b4-ac39-40aa-b8a2-32d9f780d979	39
0d40ad8a-e9c7-487d-924d-1922e8b88677	28
346d603d-5afa-4898-9e9e-b71e6e899844	71
1851bf2c-e788-442e-b896-5149237427db	11
81bfbc90-2586-4035-aa0f-b300ba943541	58
60ccf661-5c35-4d53-a7f2-17055b603fef	0
e1ab9356-4396-440b-abdd-5cfd0e437e60	79
03488e7f-e6dd-43d0-b0bf-ef1ed3af6a5d	32
2a72e159-1111-4c41-8fb6-9a1fec122a6a	48
5435a957-d7ff-45fc-8c55-a89e28526cbd	86
4ece29e6-41fa-4938-a4bd-576433d7c5f3	7
c4e41dd9-639c-4cae-a0c8-83432f09e78c	17
c114a9ef-f722-4c8d-87f3-a076dc9c9b25	7
76c61bc2-0233-4a31-bb67-8c72be2f2ece	95
0994f10a-c5de-448b-89c1-6ed5a798cbef	18
deb02cb7-7321-4b2b-a79d-7f2e10efda4e	77
afed1ec0-49f9-4179-b09e-67608c577a26	58
64c36780-2cb5-499c-885d-b1974901efe6	37
f445f34a-ecff-4d5e-81da-17cec554ecde	92
5068f168-d212-4eff-9510-170125859db5	70
1ec22998-0cab-4f0f-a16a-3b3e2f3008e4	38
9102758b-b65f-49dc-bfe2-19751fb4f54e	14
2034dadd-4972-4896-984b-c43489828ea5	42
db2a5799-bedc-4821-88bc-664436f45cfd	46
80373ac0-f53c-40c4-892b-3051f718bb7b	98
a9dec108-70ce-4c31-b33a-0363a0808bf1	93
7012c3f9-61d0-46e2-8e96-35db4e201f0e	85381
0c799b2b-a3bd-4790-b40f-b22dea20158f	13
479760cb-17d4-46ae-9b62-a395862154e7	6
ca376c99-edd6-4b8e-838e-7d25880ade55	17
7000f6cd-d22f-4181-967a-cb0eda10b6fa	21
3e385125-8fdd-4256-9664-6478167ac0a8	53
efffa312-c323-4b4d-895d-e7445fa14d9f	74
32cd09fc-542c-495a-b2a2-52fef3559d55	15
24832633-8fdd-47d2-bb4e-074e48a7a6b3	63
044b6e34-6d44-4f91-9cc1-4b79525a5952	8
87e488c8-c787-47d1-8706-4fa1eb33ba9e	83
168077cb-3c5e-4509-a7ba-dcab37f99203	46227
fa97d784-9201-45ed-af48-b00c68a6ddd3	6
05ca98c2-df8f-4f89-a780-d7d2be3b8d95	64
f22badc2-4f79-45c6-918d-5e21fce4308b	46
ac24799a-b44a-4aac-92a6-5bf8e99267ed	6
94831b5a-6618-4963-ba02-085c8867a26b	43
048d1771-bcc1-4533-9a08-1100cb62941e	84
d78100e2-24ec-4726-ada6-73d61973a8b1	26
41cc2a7d-643e-4920-b6c8-7834df9bd91c	39003
4ec802e7-3ab8-4bb7-aab5-02335c7e1936	90
6bbbe80c-5fac-48e0-9380-81520fb84c98	99
13ecfe13-4104-4540-a480-2b09461ef0ca	16
57726a30-58fe-4d2a-a9da-a41f2271b034	18
13b07b2e-82c6-4319-bb17-b42e67602367	30
b65ce56e-3909-4c20-a0e9-954ed8e67d16	8
d4a299a2-c3d9-4c6a-9d85-e4bb8e2ecf27	66
6a457913-a939-45d2-8dcf-771ffeccd35f	81
07d0cfdd-a3a6-4248-b2ff-dfdbd3819e36	53
d98ddea3-3e29-4072-801e-2148bab018ee	69
2292d19d-eb69-459c-aac6-ebd262135540	87
a10ef29b-dab9-42aa-b224-5e4048151b06	42
989cdd9d-7b80-4b30-a998-b23ef187945c	3
7383e589-dde4-43c4-998c-4414d4b85e6c	24
98dea46e-5e31-4908-b713-e75d7af131dd	58
c28ed7af-af5e-4f5b-a60b-bb05c67a439b	33
c6649769-b16a-4258-b152-e3d34d857731	65
6da3455d-3782-4943-b88a-dc3011773a98	28
2de181cc-fa2f-4cdc-84d2-0ecc356ef5cd	35
02b7c994-be12-48de-874c-a1b259ced824	1
6a5455a4-9abe-44c8-8931-e6a8569a6d0c	63
b0bcb3de-0755-4821-99b1-7a05d11f8f5b	84
8321ac6b-638a-4025-9f50-03a0eb2447cc	47
da4c837a-ae38-487e-929c-3b3dc5ee7d33	56
98b14f39-dab7-43e8-b6ec-98333d62781c	63
8771eaea-7b5a-4615-a796-693ac3d27f97	57
63cad32f-a262-43bb-8ec6-62cf25e9a84c	45441
bd2f60aa-086f-41f3-8ffd-30c64b20dd78	4
064f1816-cf1d-4b2e-9383-3c1dc02223b2	69
0a2bc857-f6da-4003-947b-193cb613cb0f	99613
6a801a03-a2aa-4490-9924-8dbf1062e840	24
9380a949-1be5-4c65-a83a-0f51d412dadb	98
e58bd9e4-4c2a-44c8-a241-8b1c77b27e9c	27
d82c0ab5-4a58-4909-ace1-2884f54614a0	47
05cff0c6-4e8e-4487-83b7-113506ab2770	0
fa74a8d6-d1c3-4540-9d84-a560795094aa	60
dc9ec141-5de1-4aec-8bd2-517a7df52d34	64
5a6ad682-b57a-4b85-a63d-150e5fb1c69b	9
cf862bd0-3b0a-411e-b47a-ee2350a229c0	57
2ff0f1ea-eb42-4a19-ac42-73921d854f93	77
1dca51a1-21df-4ecf-904c-59993aadeb56	59
92e80bec-2dc4-444e-b3a0-8a2617a95027	36
bb45408f-a877-4865-b78f-e8073b73408a	13
ab32c8cd-83f5-4589-8f88-da22264e4d28	46
ea8373b5-f3a3-495c-bde0-800023b93edf	78
d3f102a8-d144-4c78-9167-405e21205c50	9
8f1b922a-145d-4d42-b6a3-2a169afc36c9	93
f57a295c-cb82-486e-868b-64e5bcd3c379	79
09081fba-3822-4fd4-97ca-06e90e6c04f0	39
6db66e35-750b-4ac1-93f0-29f2c1bcdaa9	69
3b0378bb-00bd-47ca-8984-51763efa5af3	31
9175606e-55e5-4487-bdc4-6b3253d1d884	80
0e936e32-1ab3-4bff-8181-e90c5737733d	20
5107ce1d-4816-4f39-8325-2740d92fa75b	43
b5f59c3d-9fa2-4e74-896c-11d521936506	94
1825b5ad-d2a0-4ac4-93ad-d6f1838f0e7e	64
1a9a9298-ec8b-40c8-bfd1-98cd3fc6c295	96
6ff8e3a6-fc7a-4f07-a04a-0dc11ad7df08	99888
dff73ddf-71f6-49f3-a055-94251c362843	89
08c753bb-5da3-47bd-9339-1af700442c47	71
a6603af6-df7c-4b50-b315-6d8f23060cce	24958
603faf43-6716-4495-8abd-a0fc27276d98	85
836ac6d7-5921-441f-b92c-d986368bbe61	75
ae65e035-1630-4eaf-98b0-2ef02cde12e9	5
34cb1fd9-8772-4b39-a1e1-4af8675fa1d9	0
b6bfd169-dcf7-4f67-96e5-b85cfd8888a5	52
c325ef6c-fa7b-4fd5-9bd0-a54f4402cda3	90
91353b20-d39f-44ac-8778-f0b627bd99c3	46
6fbfc929-1173-4bb0-b230-3846961cb02e	77
07dff0b9-ebe7-40be-84a3-aa6c66f40ce7	57
74122697-2261-4e52-a0fc-8260a74e5474	33
5d271f39-9ca0-4a25-97db-3e03f7a731b1	21
191a2c6e-e7b8-447c-a06f-8be4425b9a6f	13
bf975f02-e55a-472d-80b0-0329ff76e8ca	92
3d713103-7719-48d9-aa67-229e86f27444	99
b4553320-42c2-4a65-9f32-c7742b225290	85
40e4b658-2711-481d-9a16-2060a4ac15ac	37
3929de99-a4b1-47c8-a197-8d284835250a	0
94142772-72e4-4afc-b58b-c67a544ff369	37
2c1dfcea-ffb8-4d49-bae0-f745710f6020	72
94bd9f3c-4051-41d6-baa7-6b4fb6a527df	89
bd4f1b3f-b609-4c86-98d7-7a88182e5233	1
2a1c224a-51a4-4cc9-a604-84c853b0481d	78
55c822c2-aa0e-4f57-bc04-51c741348182	98
b042f186-9afb-4e10-81f4-87d2be2a3691	55
0549d443-320a-433c-b6a6-1a9a9317864e	91
9d64b8db-a99e-4b00-a3f3-f603f8a1da0b	31
ba845a0f-0008-4d9f-9a1c-d6f26e10f499	66
69d53725-f6ee-4ef7-a4e7-05509b198130	36
2204db5a-085c-494a-b447-54ec14ebcc20	44
e09a3747-ef90-4328-afb5-0063f79840e2	38
63271da8-1a42-4f08-b716-781032d71b4d	28
0468d857-5073-4807-80c5-c608cf715b72	21
c9647ce1-6272-41b9-bf47-01ba5d4ce803	19
a0c0cb4f-a15a-4481-85c3-87fbd1a29386	44
8b23ecd4-9995-4b09-bac6-2fd5f381b72a	93
75938ff6-9dac-4706-ae8a-de46f543c8f6	55989
74b13612-a85f-4a8d-a3f9-5122e66a45b6	5
3ee7d538-1d29-425e-9858-df5f81c891c6	0
28d4d4a9-4636-4f1a-b102-9f634c261102	43
b9d8b587-2955-4d50-85d7-54d647ffe84d	74
fe1ca11f-c555-4450-a9bc-3c64480adc1b	12111
3039c72f-8f65-45e5-a27c-9fbc9407748e	67
e608e72e-27cc-4902-bfb0-79a67780f59b	96
b91d899c-13cc-4973-b139-fe979717ff13	87
ac8dc55f-013c-4da2-960c-4b17419a8905	29
dee9f883-72d2-4590-a9bb-1ff2e3eaead8	26
0dd1d33d-73cd-45e9-94c4-d917cbfd70a7	76
0850741e-c4bf-49ba-8608-01b793b6c00d	6
afbb7673-1cf8-433e-adf6-19730d57de72	95
b176457a-85aa-4086-bee7-fdb10adb400e	4
92ce0f81-d465-4efc-9fb3-8bad499cf99e	9
805fe28a-662a-44c3-804d-9a4bf176550b	58
9e408605-d68e-407a-be6d-763d4a97c05a	69
8a168199-1428-4ac6-902a-96b82f63a098	98
8d31a518-30da-499e-bdc0-352737898bd4	73212
eda1f3ff-d3af-4e9e-9dae-645c6f798e2a	81
4fbd844d-e793-46fe-9960-32fe0f7bcd40	80
ed476619-f3d2-4ed5-a729-d0045a4fb330	19546
1fff0582-7d0d-497c-8782-586e2b66a8f5	17
d35dbefc-2362-49e1-b282-f2153661b3b1	28
624406be-1bb1-45c2-b44f-a5ec5e94a2fa	53
cb72c6a7-6716-48fd-a8fd-8fc13efc0381	85
f716887a-8833-44e3-bf3a-87a8e3c77131	76
281dddf5-fac6-46d3-beb6-f67036d8f858	18
6ba9e137-abaa-4ecb-a8a2-307886bc8c98	85
707d1fe3-7689-4db7-82d1-aa07aa0c2e46	78
8753488f-3cb3-4b90-a4fd-298c882f367d	11
50feff1d-6122-40c0-9d3c-ab556e9ad457	97
a68b53e5-abaf-42f7-9d46-bd0d0caacbca	62
a248cad9-b687-4a31-966b-1aa2fb59f355	84
ef5f2336-fa78-4f61-a2c3-037efdba24cb	49
42cc3945-805a-4561-abf1-084b02132856	82
355f950c-d527-4e39-b5dd-576c41222d18	16
0657490e-0350-4d90-bfb0-eea2ae2ebb10	49
8c20488d-e810-4ad0-9744-0efbef1520fa	81
14d73655-419b-44ec-bcd1-18347c3b0c82	13
d6b17a1c-d9c5-4b5d-baae-d15cddf36ee8	12
9dfab0cc-eb41-4970-bc3a-4070126c5164	4
c1242a75-e934-4f7c-ad14-bf1c53225801	63
e9307279-a6b1-42ec-bd64-d9ce504005f1	72
7e6dbbc8-5f17-4a91-b78c-4b8d2af523a2	60
3c3765a0-0bc9-4db4-8728-93abffdc46b9	62
88a82c01-1373-45b1-bdd5-47d129aed12a	95
71e088d2-b879-4bfe-aab7-d8dd974f0442	73286
eda84e16-e899-49d1-90ca-f3285a06157f	68
43540ad7-1487-4939-b2c5-956e376e1d95	90
0f1645cb-1234-4265-b72a-0901193db5f5	47
0b6dc746-6e90-4790-9f36-fba6a6a285e3	97
78b5de39-d9b7-4cd9-b025-5c9208ec21e3	10
f0b58467-97a9-44b5-b92e-febc5618aa94	74
5f362467-d3f9-43bf-8d31-778981bc8c53	28
cba3c868-b56d-4323-9abb-d0418ec7e575	43
b7edafe6-1463-4545-9999-1a317dc234ed	73
181330ba-9505-407c-aac6-5b5886d90572	53
41880a83-1de4-48f1-bd96-378f3f74b9ba	9
38e1e1eb-0b77-4385-857b-21aba5fbe3c9	46
626c350e-b6f9-46c2-b40c-3036f5a2006a	3
c08a252b-4276-4f09-b59f-f66e4ac1dfa4	9
f63ab58d-84af-4772-a852-a2416571fea0	99
13e31dde-38bd-49fb-82ec-750945564cd7	94
5ef6349d-3c33-4461-a5b5-f9126b3d8baa	10
86480860-a105-459b-97ce-2f05f9d9bd3b	70
61b513be-8add-4b49-940d-6f47d6e9d3b0	67
b55db27d-b95b-4e06-83cb-c1cd5f2a4cb3	88
6e795a40-85a9-400a-9bdd-7170d8b2db38	44
b636c2d8-026d-43cb-8c78-2d9f9535aa41	73496
db2619ec-00f8-4a91-b2e9-a1958ead1b68	25
0359609d-2c5d-401b-b640-e493267572c9	19
706c4a13-e060-4229-ba23-f6e5a60458f0	65
f8cf6956-d1c0-455e-8b0c-8a9319c9d288	83
28ecd383-d3d1-425b-8571-db6c353a1dd8	64
9dbd8a5c-3f99-4103-839d-01a93c73baab	96
74324ca0-c512-4bb9-a462-906c60b4991e	15
9f98a9a5-243b-45f5-afe2-1a44f3cebdc8	71
8fab1edb-955b-4a53-af1b-5a9ef7260f1e	43
4c2b53eb-af8e-47e8-8b4c-3e9b70f8ff31	86
633b2918-2903-4899-a2eb-695b4b223632	75
b4528891-4a5e-4e75-b6ec-6da0e5ea3455	30
f2786743-113b-43ab-ac89-6ab4bf21a7f2	19
feca4fb9-1229-4cb3-a282-0753958049d1	8
1b293ee3-dad4-4c83-85ee-b38256cdf4e3	48356
b1d3c842-f0d5-470a-832a-2ff34c4cf8a5	16
b040d2c0-d6d1-4326-8840-cb4199ce4065	88
07797ff6-8c02-4bfe-93d1-14d403f46b27	19
df799385-c8cc-4ecb-85a9-8d801a571cc2	10
34bf80ae-9d03-43cf-8d68-341ec89ae016	22
c49b8992-d99c-4720-8f80-023cf15aaac2	67
a8c32170-0aa9-4831-9b0d-ae84f6c0e710	5177
349de442-e53c-4cba-87ce-aee6910136fe	32
265c37eb-2889-44ad-abff-1fb39d68dabc	54883
14ad03d6-1a2f-4d86-bd4c-bb6b3adee5f8	5
ce9cf5dc-1e01-4ba0-aeb5-9a5d4b378e79	53
693b1eff-84d2-464d-a033-56d665d80d44	18
78727bf4-0336-4d00-b6d2-4efea61bd850	17
d102af8d-a56b-4d60-9bb9-3a51bb934737	85
20700dea-9b04-4b29-a4e9-1ff8791f9ea7	87
0a6b8c0c-25f6-4cb7-bff3-c801f78a76ec	7
ba64400b-29fd-4e8f-b237-d313aad726dc	87
65370b4e-d45b-4679-9f46-c29d7d3d59db	93
f6321b36-1752-423d-921a-62c967e33269	22
093be8ea-9223-493f-9988-13585352555c	36
1003ecd9-970a-4328-84e8-5dbfdd1b9a16	31
b879739b-c656-466e-a54d-97198db8796d	94
af1463dc-69c1-435c-bf46-b057e54e69e3	31
18584aa4-2ae2-4d47-aa7b-a082659999b8	59
cb44da8b-1f97-4959-8063-2bc520390711	73
f63b10d3-5e0a-4d6a-bd7f-e6210890d361	57
60e6b11c-ab4a-4fd4-8008-ff728fc3361c	4
aa96159a-1501-4491-ad76-4225c3020627	34294
697e4e86-e938-497d-9241-8eb15eb28abc	21
52f6e76e-3a0b-465b-945f-2c3c28728e4c	89
549cdab9-90f8-4ecb-9714-7c7be79144db	39
fa1bda05-edf4-4ae2-93d9-7362ff004095	67629
a67eb21d-527e-41b4-bf37-84e34ede4ebe	93
9ba53768-31a6-461e-866f-bfd67a1d9a27	4
e2e77101-253c-4af1-a987-fa4443ed13e2	79
148cf3b2-2baf-4b47-b33d-d97d186ed30e	90
f3ccf9c1-10ea-472f-b8a2-8647e40eda81	53
5c7ffa37-6ab7-404f-8007-4f927166b7c1	72
391a3959-e9a7-439f-980c-63b057834993	96
fc200bcc-49f9-461e-be4a-86e9da2157e0	47
13688bb3-da66-4e6f-8d21-69fda15bdfc8	11
39322796-db75-4358-a496-899644444589	8
ad87a24e-d129-4a21-b487-526d3b481670	69
5ba28ae0-f593-4bc5-8298-8d7cdd7ecf32	26
9f21a188-8c2f-48ba-bae6-e17db3b94e60	57
8cca71ab-f4a6-46c5-82ca-f55a8db19f7f	66
ce595145-e93e-48dd-bcd2-d781d09ce318	38
57ff0d96-246d-47bd-b513-d498ee1c345a	79
c54f6af2-cc65-461c-aca4-ebaa57646963	46
24f09d9f-9caf-4647-ba45-6071c550b4d5	78
b72626c6-efd2-4af5-bddb-004974d96031	93
8cdbe888-41a0-4e4f-8bb5-1d585a9c8992	58
fda820cb-5bda-47a8-8182-ba9a6b0ebc20	63
b913057f-9f36-4428-b5fd-5af6274f1493	40
348d8ed6-247d-44f4-ae0c-91e4c625ae8c	19
6e458575-3df7-41dc-97f5-c46e4f6ebefe	22
311ff330-b955-4879-946a-be971ee81cf3	53
f9da9aeb-8be4-4991-9d36-bab3fe18ee49	15
504c8f28-a9f7-4de5-b09e-6ea1deed34a8	74
cd06b131-14de-4731-975d-7eb54b6e737d	32
1fab5628-9ff9-4042-9a6c-7e70db278ea0	98
853eca11-9a35-40aa-b5ab-0fdc2ecfd0ea	91
3f93acbd-23b3-4383-bb22-8de0c90d9d06	97
14ba13c5-23d4-4ae0-8132-2a38cde827ad	14
bfe3a05a-4604-410a-a4da-7ac9e2618377	31
f5c9b6e9-600d-4e46-acf9-bf9cb8bcb104	62
7d21df40-003f-4e7b-9501-0c9580b2c1b8	1
9b0283e4-7e15-410a-b65a-f126e518386d	55
fad83033-0330-4b17-8182-9fe314a5e461	44
51fd231f-d43a-4013-9c23-8fe9d5afdba6	63
0183400f-2c4b-4918-aeb1-3fab628d3844	34
02b0967b-2138-4b62-a189-0f7687a46612	62
64d45505-531e-4962-9644-d5ea3ee50343	49
d2ae19c4-c9e8-4759-baf2-41a57115ab1b	22
5a5c0154-ab53-4692-ac3d-2e118ba6e249	38
1fd48074-40d8-4dd8-ac3d-908fcd0142fa	88
af3ea7ab-d398-4568-829c-de1f6adc80ca	84
a71634e7-3ce0-4e05-b52c-781eb6bed800	13
5123cf80-dbb8-4016-a5ec-f373473f6f1a	45
be47f2cf-409f-4382-b7fe-a68eae8596bf	91
d931c921-2d5f-4e7f-85c9-2f67bc9711a6	21
92984d85-fb15-4688-94ae-0334626bff79	87
6d339722-244c-4041-acf8-7169da7a2bd8	74
54ceee6a-4657-4d66-bf53-5ac23cb26553	98
03927aab-f8e6-4b8a-a97b-7f1a2272bab5	90
f2e50fcd-a481-4460-822a-10d050ed4d69	80
1077dc58-734b-44fc-9e3f-00d8ab148e94	34
a36b38c0-bfd3-43a7-b95b-bc0469b7564b	5
69f16f77-8cba-4570-8208-34a250cb6884	36
f25fcaee-a9c3-49fb-afdf-6b683c4a0993	38
e92666e0-44a3-4b42-9c30-6720d56960f6	35
4f1880c0-58e8-4ff9-bf60-797ac592312f	35
bdb76ab7-53aa-47d7-845d-244c4667d6c0	47
8b8c7418-f6f4-4a16-8fb2-2f82375d889b	8
9e22fa94-b0a0-458f-bba1-bc3f31c709a1	34
bbd00164-8f8b-4774-a65b-7ea2b5eff627	63
a193188e-0917-4947-8611-6e360bcdac5f	18
ce4114cf-0c49-414f-83f9-677e90294d78	87
c7aa1665-5449-45ce-b66f-4608ab4d4ae1	35
769a392d-7601-43c6-8571-34c24b9e7f06	89
5df652f0-3e2e-4cb4-83bd-8124587032ae	96
f4964a0b-4c91-49d6-bd50-cd331214b98b	99
e7c125b7-2e0d-47b6-a932-e00a0880cd33	54
6905a847-3021-4a94-8794-f5fb13d69774	72
e0b1a625-6238-4f0e-a4b0-aeb0489c87ec	40
35b2c427-09e0-41ff-9dad-130a863e4274	45
d9e6c4ca-4f7b-40cf-b845-b90c4e69e041	16
1da5b32d-586c-4f09-9a12-7ea7631de5fa	76
6c4fa3d0-118a-4ea8-961b-8c6ac3614e81	29
fc143ffa-ca68-47a0-8a3f-492bd9ba59cf	36
f32898bc-a9da-4937-8b74-2611759890f7	86
cd8195c9-af9a-4a97-8576-6faca1e728cd	65
347d83b2-1974-4676-824f-63fd906aaadb	50
433b873b-2b5a-4ea2-a006-b2ae11c697b3	33
2e8c8380-01e5-487b-a473-32fded057b2b	79
07ef8cd0-088b-4f3c-89ae-4d8123d101ea	91
2cbc92d9-467f-4940-96e8-652922a2a66a	43761
54e8a567-4b55-4bd8-b46c-4a2b2833f7fa	14
13b4db05-3151-4e6f-b154-1a5bd3316dae	46
8f0eca8a-e9b4-423d-bfd3-1c825e5be044	81
f2e8997e-fb54-47b5-9bb6-a0e0dc3906e4	94
0a3c2456-d585-4950-a9d8-1aaa2ad5b1fc	39
509ded84-7a67-4fbe-a756-461df29ddcb0	83
b313dc2a-78d7-4110-9c9c-99cf8074e52d	70
340ff11b-6bbe-4a2e-a1db-1c7466ef574f	45
25d568cf-0ff5-4919-ab7d-7076da51b6f5	58
e7c5aded-3820-4dc3-b455-de55b6c01668	66156
47c4c1f4-ccfe-480a-b8b7-bd0fe7e04c17	76
2def5489-23c1-4dc5-887f-a92b72ddb40e	17
94dcadb6-c49b-4f0b-b6ab-335acb8e5acd	30
8ce7e5b4-36d2-40e7-92c0-9885dba49d6d	60
05ab8d11-0b3d-4248-b234-09b1444ef30a	22
55244a4d-3ee1-4a9d-a867-e9240bc0bd35	59
6a357a89-5c22-4836-90cf-738f7306ffe0	14
44ede0b7-2fea-488b-94cc-45e535735de8	51
c798cb59-9781-42c0-8358-f87a905198b6	25
83c771c3-9c27-4f46-8811-37615f37d7c1	62
5ccd4c05-7d56-4b3a-8d6f-cbcd3b13ab68	39
ff9b7d85-cf8d-4c86-8f5a-b0883fcb2ee2	12
e2f3f231-ca2c-4600-914d-1ac0554d2b72	24
f5aa868a-403e-419e-9918-44fb42299743	78
44804531-437e-4932-bc70-0559400aae67	41
91da5a47-c6f8-4504-a76c-30c9dc35d45c	86
ed68b7ff-bd0f-420c-9b5b-24a3c468622c	38
d9d99861-53e2-4efe-b448-7f6b48b252a8	46
ac24aae5-1173-497a-ae43-689160d69d11	27
8da7604b-47f8-4c3b-aeba-61d624e6f572	45956
dff44132-e030-46c6-8d8a-ea6374458f8e	32
5f7e15e8-1e01-47c4-82cd-7bd66b2c7dd2	81
756022ff-b308-4467-a1c7-b73fde10eed4	43
ac5196dd-b441-4bd3-a703-c784e9b0774c	58
fcf0f733-36b3-4211-bc53-aae339904497	96
6fd85de4-a204-4dca-91be-1613c815a06e	88
9736e429-08d9-42f9-b1a7-bc1edc4b15af	29
595d5526-487c-4ad4-930c-464d0878bd0a	94
a40b3808-aa84-4e9c-8d86-e4d50558fa7c	14
bf380fe4-a219-4c9c-b8d0-b632821f69db	28
421662a1-2687-48b7-9615-310246404b55	74
523bda95-94c0-40ab-ad59-4854633672ad	74
6fcae03a-c1cd-41ae-98ea-45d7ccecdd6a	41
1c8e8ab9-499b-46f7-96c8-10e0cf2e5e5e	39
ae82c54c-d738-4c6d-a7c8-e06572b26633	74
d3398af4-8265-44d8-a6c3-3d54c79b0180	31061
8b7db33b-159f-4c30-ae4e-4c4794c940e9	25
1ce6503b-253f-47a7-9c32-b3bb2c7fb126	60
9e2204e3-eafd-491e-b85d-9ba9b7fdb270	48
cda2c3dd-b3c1-4f08-9ac9-b5450238aade	8
a766c9a4-0dc4-4a97-aeaa-3e860d6e85b0	45
d3c27901-a835-4caf-8b22-b8977adc2278	7
bfecdd95-9d52-4465-84d7-5db24a7fe79d	91
4bdc9ab8-57b0-4be3-815b-2bc7c8a22afa	9
1e3e0404-3779-41ed-a6f3-2c1cdc3386a5	78
d4339b54-3262-4759-bd71-75158412a67f	33
986632ae-0e77-451c-be90-34d8bdad31ad	36
300224a6-a17e-4979-959a-2f9a494b8d3f	32
a20c9959-5138-46d4-89cc-5d3731af78cc	60
6b088b9e-eca5-49eb-bce9-aae4ca1a6c8a	63257
4bdf7f7d-396d-4972-b8ee-a9616e4fe405	85
22e24e10-cbdf-4b5c-8ae5-9e1107eae087	70
82a40212-e176-4ad9-be04-bee89b384a41	84
6fb32379-525f-4273-bd0e-b59c20719b41	86
2733a691-c1fc-49fd-8ee9-3c948dc62405	68
99f5e4b0-09a6-47e8-8ad0-6918456eb9c7	1
8f234d43-9d6d-4d3b-9417-42b51388ece7	20
a1f58117-c6be-4157-8588-39ae859150a1	75
8ff7472c-9b81-4759-ae6c-8be5c298623a	55
8ffa0e59-2384-4124-95a6-5ca73a0107c2	42
d11e235f-a725-4b1b-8953-969f6db04899	33
ba1f7bfe-651e-4436-b556-e4561f96a604	10
c8b4c839-489f-458c-bcd3-e8b77734039b	81
5883c397-cccf-4ca8-b350-6beb2839dc73	49
dc753be6-ea65-4618-bac8-6ed50877f392	97
5d28fa58-be94-478f-be2c-09dd3979cb02	25
6ebf8530-3da7-4446-9673-74d855b31a11	28
c0615d39-d12e-47bf-8bc2-c0d6aec14053	10
bacbfac3-b774-476d-961d-87c06ea1c945	1
dcfd96ac-133d-4eb8-b537-e00018bd91eb	17
018f805b-1855-476a-99b9-fd15f6304540	11
0ab56648-b8c1-4712-8b36-8ed35966d1f7	69
ce2fe788-3ab8-477f-ac3e-6e83dc9cc55e	65
68a65e23-0c3f-45f0-9691-767285be8328	13198
11486456-5c45-4e2c-a5bc-90f3e9b5161c	66
6a61ad6b-1cb7-47aa-9262-1708c8297b58	17
bc768dde-317b-4bfd-b48d-17bb3d0c51e5	29
437bb03a-0785-42f3-bc8a-2cd8c2856412	81
2ef5ccc8-2439-452e-aa8b-6656f2db6ae7	68
9b30af20-bbf6-4b79-b5f5-10136674415a	23
d8a5a839-2474-459b-a431-c1c17cb96265	73
844192b9-2031-45c3-92bf-a01d9aba0db7	87
b1cbadc0-f17a-4239-9271-8cbeff4b4946	18
9fcd47b5-ea72-4dd8-8e2e-a489496940d0	5650
2884ff01-dce2-4516-bd13-f88f73c2ec75	63
8cfc3b66-178d-454b-bca8-25565c3222b4	39
163d95b6-71a0-4552-9cb7-da267afdc6d7	74
3984fcdf-b704-4635-a160-c66af00dba44	9
5a6095df-183d-42c1-96dd-86d8f1884df0	14
db12b44d-1cd5-458c-a5e3-32ddc6e61c6c	28
3afa0c34-f701-4ce4-89f9-0359a2893fb2	38
bcec4ec5-b0af-4fa9-bb6d-eb63f9b89eb6	8
39677389-8986-440b-98aa-4f34c189a24b	83
95d9ff41-6f88-4656-85ba-29d917950821	53
46d53e7f-af55-4b7b-a291-6d22d73f777d	5
6f9dc46d-bcb0-4ff3-926d-65f106eb65c4	84
b22ed3a8-7b67-4157-b9d3-e10730bbf6a4	9
1a91a769-2b25-46b4-ab8a-2fdc4f398ea7	11
2f2d34d6-91ee-4b08-8cf7-5fa69b1e90f3	68
0ead0e7b-24de-40e0-ae53-ad9a2626655b	28
68db9082-eed9-43f3-bbac-acb284e33641	28
a3f2e7dd-3300-47f0-8286-6269aff2342f	65
cc13f4f4-9c55-41a4-b6fd-dae78d10d97e	53
377226ab-40cd-4804-b75f-f13c7b78a2dd	2
a90a52ae-a17b-4345-a4e6-07ef51e02b61	17
a0d6cbaa-308d-4406-b076-c655704b3f40	32546
0ee225e9-c70b-49ff-94ab-e5f83d1fb5de	2
4bb62719-4992-45c2-98ff-8a0e6bb2ff94	24
2bceda69-df01-4a52-9336-07e7b7f82df9	37
ff69d47c-3ca4-451d-a4ad-72adee7b6989	30079
f359cd93-15b5-49a8-b619-64393a076832	85
b5720f8a-43b9-4eb4-8f7b-1cd7318d3ef3	92
208052be-5971-4c49-8189-f72e04cfb780	63
b7661db1-fad2-40d3-854b-fd44e7e0f93a	75
5e9fb979-6ce3-4617-8596-67ab8547075e	55
685203ec-2fbf-4b2c-a5e4-c1c56c653494	75
f8bc67e1-5b07-4748-9f2f-0117e9dec7ce	71
6938a273-2de4-4429-917c-49472b65acde	16
ef842d82-5895-4626-b293-29ce9c36ce88	72
3a8336c0-12bc-4eb4-9e29-ba9a1d20b939	85
1bf3c60b-6fdc-43f5-9ef8-5a60370c4217	9
e7b0cba4-75bf-4a51-8fee-756680b662df	93
e300cbee-b3de-4afc-ace0-9e6e617ef22d	49
009ec113-d78e-48bd-a4d6-e84ef547a08d	19938
c0d9b5eb-b72b-48d7-bb23-457a7388b97e	39
767ebeda-b38f-4031-8453-b1db22a8fb62	80
2ed8a899-9254-4568-b517-c30082d9ae53	65
88132f3c-3e9c-4754-9874-ad50cba3991c	1
ac3063c3-472a-400f-a5cb-90714df2aab0	94
4816b4b4-4475-408b-bf34-922bdb5d9501	99
f554b750-11d5-4554-b671-57b733245d56	0
98bb1139-37f0-4fd3-978e-555efed2274b	81
b84af9cf-80fd-481b-bf23-6582229ac36f	60
733ab9c4-8525-4b88-9409-3cffd9e5910a	81
9d38e2bc-37f1-4136-abaa-e99764c459b5	32
68132349-76ca-453d-ba64-ec73b4dde72d	81
fbdad4a8-32da-4a98-aeba-9099a585bfb0	48
68ad4bd9-5745-4388-a14f-572bf424a80a	19
d426f77c-5cef-49be-a1f1-7bf154616a83	27155
89d85464-53d6-479f-9ddc-f54dc84a5595	1
43305bd2-b8fc-4659-b8e0-3e79832f5068	44
3535d504-08f6-4ab0-a282-9f17a7906876	87
f4242ca3-02db-403b-b9d1-dbe9c223097a	12
a678c8ee-93ca-4903-9dff-296284446d6a	50
04af3a13-fd01-41ad-a7eb-06f214c06c5d	99
94d76a04-3d87-4f4f-921b-ad03c3f889e8	15333
7f2e627f-b6da-45c5-bc1e-87ac22ce11a4	53
ad82ba05-b006-46ca-8171-93023657452a	72
95774d85-5bb4-4273-b6bd-456d5ae421e2	97
3999c619-b5da-446a-99f2-f89feea16962	47
bb41782e-842b-4ce9-8309-a02a666a4366	32
6427cee5-6206-464c-b7eb-c69dc5c035c0	82465
16e2686c-1dfb-43ec-8047-b20d79165cb6	18
9ffd3e31-45f1-4937-8441-fe619b9c1699	54
4677d7b4-68ef-4924-9ad9-1eadf126d1b1	1
252a7ffe-2e5b-43f7-b2f7-8eb9c4c166c6	21
9c119425-8eb1-4ac2-99cc-cefd2b324e61	13
1316978a-d8b9-4191-b228-26d1884918dc	55
119e1f8f-7408-4358-8a23-06e09c8b246a	21
95ae4834-c31f-48d6-97c2-0a15e2187bae	79
375ebccb-0ec3-4a43-9b48-ace971614079	40
be0a38b8-442f-4675-8979-4f2e1eb4173f	68
f2361389-2221-43ae-bb04-73c1c325d0b7	17
e28a2d03-04ef-4c57-aba6-8887d847c47e	98
eb03f9e1-e987-41b0-9845-c6db37758d33	83
84744790-26fe-40f9-ae9b-5d7871a3dab6	64
9ff94774-3a0c-4fb2-af71-7dc7778c820c	94264
3493fbd5-0c61-4f40-b14f-d91d26f1cdb4	60
13923001-d79c-4a14-a025-473f068587bf	33
562cb393-cdf7-46ff-87b3-6f20c8700038	6
70526aa8-4d62-455a-ba65-066883575b23	53
0593cd9c-4201-4b0c-885d-ea81ea31a98c	23
ba143440-6d3b-4f11-aa65-dae94ec298d9	47
8e54d37b-9cec-426a-8788-77cb1a8ab75e	90
8b7f617c-59a3-48d7-8e52-4b48007263d2	59
2936df17-060a-4cc1-9a65-52d7176d227f	10
6f209c68-b6f3-4e77-b112-179c2494151e	53
7120bae5-a94b-472f-8dbf-6a78245e12d5	67
3704887c-718f-4a6d-b33f-0920e9aa9fb1	73
1b8a0eae-6ab0-4c0a-9b3b-53258dfe064b	74
caafe308-4ea0-4513-a96d-0fbffd2ad564	15
63ba1de9-dd27-4f38-8cb6-dc08437e620f	45
84c423c1-b23f-4520-b6ce-5387918d2808	58
f28da969-7ade-4dd9-8146-0f00b4c558bd	85
e04b2086-b2fb-4c55-b3d5-087608824181	47
9437949f-1e9a-4843-8ebf-36fd00cbeb71	96
5cb69a1c-716e-42fa-b899-2a3208515fa9	97
b5efb068-d6bd-4fcb-b6fa-8819c3317f2b	32
fd3e4d69-5102-4dcd-99ea-5c3f5f96a822	61
9f212252-9707-4742-9b5b-9a116557a016	66
068be77c-e9a2-4426-b066-adbd393640aa	72
c4a71430-16ef-497d-930f-dbfdedabcce4	0
a6ae0823-cfd4-47f4-8a62-128eb6e47e74	74
3bc1d4ad-0785-4280-bfb6-657e361fa684	38
7ea0a3a0-cdec-47d9-a9d9-005c8b75e362	70
677da847-fcd8-43d1-bf06-d39acdf834a0	11
4bd63117-98dc-497f-9974-2c9d6569c1c9	73
d6b3d063-d548-42ee-aa8a-cd8c7e35fcfb	58
7e355650-f1a7-43b3-a8c8-573b489dcb37	38
950b9708-29eb-493b-b1c3-8ae1410809ac	56
172e8d2a-b369-4da5-9d8e-3c9d8d1dc38c	68
ba352ca2-bf71-489d-b36e-fcd333ec26f1	8
ca37362a-9061-40b6-ba0b-0e7f6d5acbe7	7
7b15ecb1-34b7-4a6e-92f0-08272ebb1806	40
a7d706e9-8b96-4a7b-b187-26d2ed00ca6e	73
22e8507b-49cc-4700-b6d5-a78f63cd0ca4	3
0832e968-5b14-43fe-9dda-456c06bb0a1f	64
104f1c39-358c-4a98-b111-e688a94dd193	8
d991d7da-7e2e-4a9e-bd5e-c36629a61d39	67
c7bc0ae1-1947-415b-ab19-9f453db35094	58
b1e5a72e-c469-4ccb-8a62-34946f8e54f9	28
b0857c8b-f7e8-488f-b812-e8e307a42c7c	78
802c3e37-0474-4d91-923f-2bd1518557da	5
d10b6845-a5ad-43c8-9f69-748b8f735b08	2
525d4769-20e8-4171-a7e5-c8611045f107	50
79733be0-1d32-406d-aa63-50e23dcfe703	35
09116c07-43c8-4031-885f-d58a37ce1cae	63
3bdfb1ec-e7f8-4fb3-8b8c-af662ca6108c	6
482d76bb-ce48-4ae0-adec-cde9eefebd6c	95
700a9b0c-3978-4ebc-811b-b10fa414a5fb	3163
c68ef8e8-f67d-4984-9828-f82dd6dcc19a	33165
0a80e210-4861-4d5e-9bc4-60ed1c7a42d5	32
bd42fa39-330f-4c05-a1dd-d261e90c4c11	15
7524e5b5-ecfc-4254-b00b-9f320b06be72	39
8407da79-a5ab-4269-b4e6-87a79d237c09	72
b99fafd3-ced3-4398-a6f6-ee4adf8f546d	79
6207a8fe-1afb-4506-ab14-1f7d1c8d6e54	37
a91227b1-5bc9-484e-ac94-0377700f12bb	54
b2ca8808-7b8d-4e9c-a66a-c1a04e6b15d1	51
6253376a-c8c9-446c-93d9-e1fb8f4a25c4	4
2d526e61-d4d1-4445-a262-27a84c8d1fbe	85
af0095b0-72eb-47d9-891a-d4e77db40414	30
7a22b2bb-4db8-4f6d-a263-37da26bcd081	59
f4e9711c-41f2-47dd-af0c-8197a6ac4f2b	74
057fe849-5ee7-46cd-8b54-610690a68d6f	26
98d8c576-f9a7-43ac-a754-2b235ead1aa9	95
e924e1b1-4968-4a21-a477-e26d81ebda09	12
d0973ed9-b25f-48f3-97bf-0d02fe90fcd5	24
fc79609b-36e8-4626-adc1-df6934f8dde0	23
b4b113ca-f454-4066-b46c-ed485cfd1d06	87
ade3d09c-5f7b-45c8-9709-7cd56b565d0a	16
66f68bbc-013d-4c55-9586-6c1b48110978	94
714df4f0-bfcd-43ab-8bad-a1a541bd6630	4
c32eaa8b-f47a-4501-9ea1-14a0f85be7f7	55
bed88b5b-a577-4830-944a-c317a11e2587	80
97300772-077b-4bf9-9079-668ba052a34c	82
3fb6ce47-33a5-4b01-8f2e-0d89e6e0a4e6	21
1eec9067-8274-4c26-a2d0-be7f9fd15457	37
ba88902c-1b01-41bc-84e6-ec29c2350d21	33
2fc71447-1a31-4a6e-a31c-778ffde8c15b	75
b80a6ed5-7f63-440e-92b1-286130b6bfa3	79
1eb47bc7-38e7-4d33-a07c-1d1b1e3aa7b4	51
ec782fe6-257c-4568-a227-6934e1a90301	76
65e78b37-0707-4e34-9ead-3962324aad88	47
48a236bc-60f0-4115-9ae8-b84c3201a025	19
14c19517-bbb1-4dc1-93d9-ab8e7c936a73	88
27ab3522-e70b-482c-bd6d-03b5fc3f2629	93
b1879a28-c451-44ee-a282-1a607ec8903e	63
b9c43868-9bd6-4fb6-913a-ccd196c2e65e	79
70612375-ffed-457f-9a29-0f5da42cb980	28
ca4b630a-055c-4a80-a176-f0b349d1192f	55
28ee2e32-177a-4026-a8af-e3a77e141f77	9
82036fed-8702-4c45-9190-07f7c6933b19	63
9461f00e-fc00-4df4-8f85-e3ac082f4bc3	33
6e8445af-0f24-4c2f-89ad-30616363c163	33
4245101b-d37b-4bb7-adfb-fd21fd1de283	24
22febfe2-2a01-4d37-8940-b1d9742f010e	30
0cd09f4c-844f-4564-b4c9-4d6bc3434270	72
a0131b73-11ce-40d9-a269-205eae829814	53
33fdcf84-71e3-46a9-b87a-1c5f5f99562c	69
5f9b9969-b974-4eb5-be5e-adf5ff78ff57	37
f41de876-b538-444e-aac1-4c09207c0343	22
79e189c4-62a3-40d9-8233-329a8a99fa90	15536
43f58abb-9b05-4440-81c9-30d9eb6aa448	54
fc48782f-bb27-45b9-a479-64d19359e46b	44
359cbb63-a68c-4272-996f-62e65645122b	36
fbbb13d7-de1b-4670-a686-b1cf45519f6f	44
a2f480a5-58a3-46dc-be03-5594488cd9ab	16
fab5553a-7c04-4aac-9743-97ac8c85530e	42
ff81d9fa-5168-4a44-a417-124a257362db	36
33634660-30e7-4640-b19b-3609635e90fc	67
115d09ee-6599-4f63-b16b-2c6d64f36f92	69
d36b1cbd-6ece-407a-9ba1-dd56d616521a	21
badeae31-78f9-44a9-8bfd-f93f588ad689	80
2ff0e552-b63f-46c4-857d-d8f0db1d1752	93
f41d46d6-4ac8-427d-b71f-3b5c9bffebec	61
4787f652-7a57-4e9a-af48-3c4641ad4835	23
531551f3-3fdd-4125-a65e-a36823579503	89
d6d559e1-20f7-44d9-bfef-712d71c19c1b	31
8edfa2e0-d1d9-4843-8be5-a8a44efa1750	43
50aaaec8-6c3b-4244-9c33-5a1e983a46ac	96
32f79c23-3180-4398-8be5-45232886903b	79
6c16cda7-9e51-46fc-b454-642b454bfa8c	37
2e86f9b9-73c0-45a7-bbb5-d12ab7e6298c	89993
128f6ebc-eb5d-43dc-8a50-f1fa9c8e90c2	666
bdd74898-4fc9-4283-b774-56842475adda	90
9f927571-497c-48fd-beaf-0934b65f66c9	18
abf951d9-8572-47a9-8525-7137178fef43	77
685b144e-f47c-4a2c-8fd9-47ec528d493d	30
855b986c-4b78-4ae5-af72-204155203b95	32
275b8e93-102b-4763-a30f-ee8e8b96fd1e	55
671ed5f9-037a-4326-9641-f157ef120e7c	88
fcb6c25f-ecc2-49c3-89ee-fd8523c6d681	14
d49b475c-54fe-401d-86e0-d67e9a230aa4	37
754ab577-ea73-400b-86e9-f00a0360e26b	68
93936a57-c6a1-4150-9fec-2bdcfbcdd52b	59
cbb7332e-0b01-4653-a118-b3a3f53281a7	97
81540f34-e814-4163-ab75-30419ed58987	61
086e8c7b-2ce1-42e4-9fee-9fdb2ceb0991	96
0d12d003-d76d-4027-82cb-6547a6b103ad	42
01162b80-f39f-418d-b742-4d97ce3999fb	72
f952202f-d9aa-4fab-aafa-15f0c79da281	33
7996ccf9-2184-4def-97ec-169b866ac083	5
fb045c8c-db5b-4fdf-9626-2046bade42d3	69
d2145b23-28f0-4568-a7b9-504c83054c4f	45
f16ee6bf-aa93-4cec-83fe-02a730e87a75	19
e2917c08-0a45-4651-9d1f-5517deafccba	5
2528a32a-92c9-48cf-a9c7-9cc8023106e9	70
52bef433-518a-4be5-98fb-8f8411a08057	9
e52e278f-0096-4a19-8772-7146fcff2350	68
26d89a0c-871a-43ae-86af-8469192b2f71	5
c219f70f-c478-43a6-a653-820ea70202ad	18
f25ee6d4-e1d5-40ce-be87-0f7eaf545d0d	80424
afa9a35a-8930-4c56-8b81-63e82cd0cbb2	61
a238e785-cfc8-47d4-bf6d-ce5ba35b9c8f	28
1fb4d489-df4b-4784-ba93-c9ccd1f2dd63	49
3d4be509-9825-493c-a894-9ebbb7de1ed5	83
e62d0ca6-b67d-4d9a-9b2b-f9c3eb746c98	83
57524043-cbb3-4fe7-9a3b-ed3d79ea5f16	95
3dad3ed5-c696-4710-81da-6037d9c0a8ad	20
